{"cameraMode":{"drawMode":0,"name":"Shaded","section":"Shading Mode"},"sceneLighting":true,"audioPlay":false,"sceneViewState":{"m_AlwaysRefresh":false,"showFog":true,"showSkybox":true,"showFlares":true,"showImageEffects":true,"showParticleSystems":true,"showVisualEffectGraphs":true,"m_FxEnabled":true},"in2DMode":false,"pivot":{"x":-24.742809295654298,"y":11.682263374328614,"z":-16.580698013305665},"rotation":{"x":0.24664069712162019,"y":0.4054257571697235,"z":-0.11276321858167649,"w":0.8735109567642212},"size":9.405071258544922,"orthographic":false}